,E003,E004,E005,E006,E007,E011,E012,E013,E016,E024,E027,E028,E037,E038,E047,E050,E053,E054,E055,E056,E057,E058,E059,E061,E062,E065,E066,E070,E071,E079,E082,E084,E085,E087,E094,E095,E096,E097,E098,E100,E104,E105,E106,E109,E112,E113,E114,E116,E117,E118,E119,E120,E122,E123,E127
E003,1.0,0.7347807449781737,0.5794423826782924,0.8547871864730368,0.8247550444839813,0.863419925419722,0.658120508237507,0.9113714650090765,0.8960177479435162,0.3693829380429015,0.4463406645876177,0.45896156630684604,0.3878573170229477,0.4529095020280734,0.5456214250813336,0.6376403247144059,0.635348704490482,0.5371221008857662,0.5581350954262192,0.6559789532291929,0.6848965068836266,0.6825583753234639,0.40376816066256355,0.557095460732328,0.4277650788567319,0.10578482506799687,0.6055801685400025,0.40809901218434136,0.5328735801217488,0.5790343338855346,0.45853755599577867,0.43482930910280754,0.04325798066710838,0.13939433171729115,0.15143308841478306,0.42822980636986546,0.5539069016504724,0.04407181640319006,0.15256618940864775,0.17624228084982146,0.16327993184976813,0.6877845019016575,0.2741371131568222,0.6195428942030229,0.5309219758255362,0.6558992440359397,0.5257526272892743,0.5368503925015757,0.31504604912241574,0.5229728218629366,0.5485287650913533,0.4605914254224545,0.6110786659096603,0.516897020690572,0.637468082527801
E004,0.7347807449781737,1.0,0.6569361910865442,0.7263184621626761,0.708218049966897,0.7039254689983904,0.7054808167857219,0.7027941148968795,0.7008945925476541,0.34307171983466334,0.4478442703739676,0.4170280535742073,0.3654820087805957,0.4131268658463713,0.45858453189500764,0.5864553163283109,0.5564633575896211,0.5688045670592349,0.5828183546513539,0.584274128086263,0.5920624353156818,0.5941271947693093,0.36844268858670653,0.5273898659878978,0.48585704922008704,0.11727477948827182,0.5456301736499759,0.39257893965955043,0.5183316967109254,0.48312178316812054,0.47600183813995023,0.47319811726866845,0.08633868094723685,0.1485045980253004,0.13850923503642382,0.4784690852355796,0.5764999238712012,0.05681810159046863,0.12379186072577739,0.17362147128325045,0.1571410782451499,0.6346525750700054,0.25851504400888503,0.6263865056120517,0.5548734298390111,0.6307627659511672,0.3873133826647692,0.4047684973432677,0.313933214273647,0.4716672537468828,0.5405351731307616,0.45902284696557283,0.4489160718905668,0.4782505965787706,0.6304895181455595
E005,0.5794423826782924,0.6569361910865442,1.0,0.6705206629064834,0.5638819731106552,0.5649555151687619,0.6791334626797071,0.5593727308177839,0.5054319015963734,0.3781440520497335,0.29648971251405115,0.3438679192930924,0.33108911690762066,0.3640880085692829,0.4088471989708497,0.4156567893494969,0.3912475379856779,0.6526568951136451,0.7093839566152746,0.4220402528357701,0.4454672810274824,0.5794796538290066,0.3851051948536424,0.5643623130262087,0.8184400051746692,0.20588385373653859,0.49539181301321633,0.5097414746666974,0.45293120474246307,0.36151616012790994,0.6448502699054361,0.6979751665739364,0.05427853092382676,0.22053382384708842,0.12373733236557166,0.7989793269940128,0.7532900461378637,0.05458347984178707,0.11219004572672046,0.17119020700963064,0.1382073213239378,0.6184201103607675,0.2858255916183359,0.8323650540289727,0.8697028330595139,0.7059152109451082,0.2546069055263125,0.28406849761727376,0.2901907406882051,0.3412539310349594,0.4504226122397527,0.47461700313697014,0.3875885532771176,0.38026283884001943,0.5793587913464177
E006,0.8547871864730368,0.7263184621626761,0.6705206629064834,1.0,0.848376373578127,0.9261762339885361,0.7187990278172693,0.8746480389555192,0.8183012451117537,0.34534971472171055,0.3777367777841042,0.4544872327446285,0.4346558083463483,0.4790774327428232,0.5715883532596933,0.6074773763656248,0.6035762958764017,0.5539782350697874,0.5598356387788014,0.5351161016824217,0.5808881829650842,0.6093032248124237,0.3862857217652989,0.5598221507451359,0.5445521646399538,0.12210369288079646,0.7079164215852054,0.4809915399005144,0.4876718474657081,0.6167212896875531,0.524328915378308,0.5217495482071305,0.04420824618921701,0.16523812877684604,0.1498627028294588,0.5374454437228254,0.6738887978401461,0.04797176348635971,0.1463264302371262,0.189723024342445,0.1574490670586505,0.6675261183437373,0.2857390708307816,0.6871086822513596,0.6308352954244766,0.694919272406082,0.4929351603751037,0.5271817267278642,0.31062491933537606,0.46878215596175027,0.5210680191764262,0.44685418495930757,0.6122973107925976,0.4739635046443412,0.6412449728932021
E007,0.8247550444839813,0.708218049966897,0.5638819731106552,0.848376373578127,1.0,0.9252634212435664,0.8281288779747897,0.8969488320605308,0.8411693364823543,0.333390523652881,0.4739590802719656,0.5028096246229928,0.4659275028798815,0.49646099215688494,0.5746084123837182,0.6909357334389213,0.6722225319561317,0.6191659584836112,0.5711492482677256,0.6540401941373578,0.6828163390394351,0.6144040234398308,0.39500923618597594,0.5504574973266052,0.3642433935259299,0.09195027412902375,0.7465092658634357,0.4365641265590258,0.49301091514020196,0.7109040574805504,0.4258197489124756,0.3897135425050217,0.04138418753478603,0.12863895429963013,0.15965909577642895,0.3779192990490872,0.6458363241670357,0.043395143547398964,0.15661103755120392,0.19476207654119895,0.17639664693833826,0.6760825630018402,0.2698548901359073,0.5946545663777758,0.4522820639652918,0.68768075251737,0.597015824384674,0.6252213899790895,0.3384926634847309,0.6481584689910577,0.6950231681618388,0.49268790033151255,0.6364035132607448,0.5976939675176237,0.7922063572042053
E011,0.863419925419722,0.7039254689983904,0.5649555151687619,0.9261762339885361,0.9252634212435664,1.0,0.7604179909051629,0.9406247221134392,0.88725883205673,0.3437111373795644,0.4508500279664089,0.48813766418576454,0.46134412355256105,0.5016982300877558,0.6219935528092129,0.6805503600164224,0.6702011559286867,0.5997664201872231,0.5607534431742063,0.607831784417093,0.6433829881467178,0.6163457744439861,0.3813123330461002,0.5476056297298224,0.40854534667186565,0.0840295462371439,0.7184562720648452,0.4403888279845005,0.4955954505130139,0.6673648775042695,0.455240226169615,0.424505733785876,0.043104565999147,0.13456888885928334,0.16316880191588162,0.40051603284543963,0.6450989122757445,0.04427521317788903,0.18204933210384575,0.1990623670705858,0.17003778530829014,0.6692893723296285,0.2731433954784925,0.6012297385849313,0.4915478220823886,0.7083584703009203,0.6102643428854367,0.6368230789036563,0.3523401170887788,0.600121277194192,0.6376754909156969,0.48436819665140657,0.6791972952232105,0.5508669080908952,0.7421363995799091
E012,0.658120508237507,0.7054808167857219,0.6791334626797071,0.7187990278172693,0.8281288779747897,0.7604179909051629,1.0,0.7366660038775918,0.6415007172381705,0.2953301312005161,0.45639775277677325,0.4759630873900312,0.46405801832495835,0.47926078946346506,0.5836620408368646,0.5850545620950228,0.5684246140654416,0.7403474911099339,0.6285318655405472,0.5587874375459939,0.5620606281285452,0.5313045450122358,0.3790173871169678,0.5442891403600175,0.44394532648133844,0.0938327943199042,0.6289558855340329,0.41962478916495544,0.43699453434659125,0.5732727358311985,0.4392738312705603,0.4188244415388399,0.06525141012593554,0.14012525365312417,0.14445672477891724,0.43971447348288434,0.7831550158555396,0.050189319093453914,0.1286548965181427,0.1787549532917711,0.16132643899358365,0.6228529428738949,0.2610353851269999,0.6110732291465868,0.4949395631433879,0.6688323003337188,0.4641574806064655,0.4905434080340159,0.3057806365363406,0.5798407555036734,0.7031356228502788,0.5321490877783512,0.512031484914044,0.5310855525285186,0.8069106873625925
E013,0.9113714650090765,0.7027941148968795,0.5593727308177839,0.8746480389555192,0.8969488320605308,0.9406247221134392,0.7366660038775918,1.0,0.927796618226254,0.34451328250608304,0.4598518441621773,0.44731258548539254,0.40742522491586336,0.45328071984206114,0.6170191342035122,0.6617449120086825,0.6393268438709929,0.6163525048800568,0.5674765649487598,0.6109549438035057,0.6502116924625108,0.6301285691428984,0.3817179659068398,0.5158462162586211,0.40698673231457205,0.09999693973245713,0.6566228177080884,0.437181846237281,0.4817956800775943,0.6007732014285189,0.4556941760554117,0.43247769376068357,0.04348128665183874,0.1354974031089425,0.1756313834335415,0.4002847344480698,0.589387398398237,0.04185917073298223,0.20453558086048487,0.20901247340839751,0.18107521553191128,0.6676519621990896,0.27815099070881627,0.5701894781532683,0.4904606884857879,0.7622822855759083,0.6654030635379466,0.6896543497326424,0.3948544247539934,0.6287310675933229,0.622656700491287,0.498184274979,0.7552361322421696,0.584277571632657,0.7143764415057554
E016,0.8960177479435162,0.7008945925476541,0.5054319015963734,0.8183012451117537,0.8411693364823543,0.88725883205673,0.6415007172381705,0.927796618226254,1.0,0.33338114248248596,0.4659647765478072,0.4245291491496108,0.35956352630988353,0.4191838243194432,0.5504616058536651,0.6873817026269806,0.6676979611336418,0.5735892230739147,0.5497310412734475,0.6499009638936115,0.6708301611849989,0.6874648691255588,0.3954053330529715,0.5065143600421289,0.3434772139658681,0.08672165932357714,0.62747008335068,0.3772418682116949,0.49943864159982854,0.5897384289481346,0.41004766205991844,0.38025265307815603,0.04099705643828337,0.1173541043667599,0.16209727239202343,0.34223350263644026,0.5091697177810924,0.039337108347542275,0.18955100931652466,0.19232925256044917,0.16876531950595008,0.6493403111151026,0.2563738720268932,0.5200704126842232,0.43599547233251,0.6769581981768528,0.6097453256660459,0.6177825596246332,0.3815002104019234,0.6100659077960848,0.5851158191814937,0.48481521951386103,0.6686985009754215,0.556455709662547,0.6759430844257025
E024,0.3693829380429015,0.34307171983466334,0.3781440520497335,0.34534971472171055,0.333390523652881,0.3437111373795644,0.2953301312005161,0.34451328250608304,0.33338114248248596,1.0,0.42450608971456905,0.29938969983040953,0.22610730571834667,0.26450714287297405,0.4130220565576274,0.28695611258223,0.27596648395015244,0.41567507666332876,0.5981924047763274,0.5852375239883398,0.5721451636770185,0.3017569538548317,0.18741426069231895,0.3440352820165521,0.27226587438823424,0.18417508335252078,0.2704741867860593,0.2729323971324663,0.3362426998772613,0.24440074210597557,0.27986689098554524,0.26379493166979234,0.05802636666441911,0.10196774605211421,0.09136926722337978,0.26791039405327693,0.3453329942584331,0.03247535817368065,0.13598695068128963,0.11150706462894637,0.1013701395393309,0.3614101865833375,0.15265067261726206,0.4865330912728207,0.2957199164801807,0.31777176270907936,0.2009051165880092,0.23501108228338827,0.143235477058053,0.4092167512745349,0.267224046445233,0.23401581218757306,0.24933415248038182,0.4337049256747723,0.3047404485941803
E027,0.4463406645876177,0.4478442703739676,0.29648971251405115,0.3777367777841042,0.4739590802719656,0.4508500279664089,0.45639775277677325,0.4598518441621773,0.4659647765478072,0.42450608971456905,1.0,0.30138629472964024,0.2522716188230145,0.2777640652129586,0.33088823389653327,0.42005824277624326,0.38847306814842414,0.5208651297081793,0.4458116247376992,0.7591387977919435,0.8357802541378425,0.42783310633012517,0.24557111909153032,0.33184844553871556,0.15136644961358217,0.038270920992958486,0.38740070977759833,0.20277387597133423,0.36484580030273206,0.36950876339293004,0.20473136457824942,0.17936348340801198,0.02384894229692665,0.0634504069826813,0.1027674808764251,0.1864435443418157,0.31220109274994895,0.022606605217442042,0.1330319146873165,0.11244176932674252,0.11289369941303348,0.41231642125035367,0.15041053917075178,0.415294974406548,0.19440553345900666,0.4162129698142926,0.384386489621458,0.3867227959896347,0.27295752487005254,0.8352187063199357,0.5073599632731832,0.37018669220316824,0.3317740634439284,0.9009780038051308,0.5375141636738698
E028,0.45896156630684604,0.4170280535742073,0.3438679192930924,0.4544872327446285,0.5028096246229928,0.48813766418576454,0.4759630873900312,0.44731258548539254,0.4245291491496108,0.29938969983040953,0.30138629472964024,1.0,0.8975838467604947,0.9254649015175661,0.5835023752670571,0.3622522771708906,0.36355030434526436,0.36312376286418385,0.33740368588766984,0.4056714409818979,0.4241460818867143,0.3574831449270015,0.23405695494621093,0.7880208224149289,0.2270906678691189,0.043547867331958603,0.4351292269483745,0.263634571251413,0.35580727017117947,0.42104232927045887,0.29074065432480944,0.2620617650025083,0.03307362991709843,0.08744529900436888,0.09184769455192053,0.2559288574623255,0.48870269621120815,0.03405043511321168,0.0939617726901031,0.12468998109927777,0.10135465848393649,0.5187922986233808,0.18462365086636018,0.5525707566353489,0.3643816098051582,0.36624707363151626,0.43525851653743136,0.30567735692578996,0.15140262317018033,0.3526939463207316,0.41275248564587663,0.26994658422646534,0.29862653055225385,0.3301143812283876,0.45645653538264125
E037,0.3878573170229477,0.3654820087805957,0.33108911690762066,0.4346558083463483,0.4659275028798815,0.46134412355256105,0.46405801832495835,0.40742522491586336,0.35956352630988353,0.22610730571834667,0.2522716188230145,0.8975838467604947,1.0,0.9840135129255099,0.5444474312461635,0.2785751358535403,0.2829682352990593,0.3261860424122694,0.2890397479450322,0.31486786196634786,0.34816187405535437,0.2676229855573702,0.194101211508722,0.6948201353052154,0.23626168567853753,0.04601630808236743,0.410652212081566,0.27255935118234814,0.2969891883258625,0.3893599691815061,0.29096628190268453,0.27165932147401367,0.026656888426640556,0.08890340527722745,0.0909988537496086,0.266119724499648,0.5052388596462146,0.03375983661814535,0.09660179597025194,0.13590813701161988,0.09975754993402706,0.4787281937171772,0.17743878999252122,0.5389711204791399,0.36463168322681977,0.357158586679542,0.37895327777762294,0.3123859204434827,0.14300672736747788,0.3124861251579294,0.3833836780850993,0.2268309489869677,0.305137372381077,0.2991696351937239,0.41479566607402807
E038,0.4529095020280734,0.4131268658463713,0.3640880085692829,0.4790774327428232,0.49646099215688494,0.5016982300877558,0.47926078946346506,0.45328071984206114,0.4191838243194432,0.26450714287297405,0.2777640652129586,0.9254649015175661,0.9840135129255099,1.0,0.5758979118714277,0.3342058297462576,0.3405363176472567,0.3541958528262692,0.32773680641778635,0.36637507253653073,0.39422166623059757,0.3370948498738118,0.2285945494135693,0.7525982945522128,0.2612885958981471,0.05159937450449248,0.4357419742840362,0.28480572051182634,0.34219012630015705,0.4169882163933608,0.31850223156790913,0.29751819785689504,0.03120596641294635,0.09647047931216635,0.09803335200065316,0.2888503144383419,0.5238957661847602,0.036572868838828966,0.1018655582503417,0.14346490411950222,0.10659336449152816,0.524386242395099,0.19270605832858487,0.5721819395944965,0.4015245708934111,0.37984999377533696,0.3945036329175245,0.3208819949375199,0.15844516975417164,0.32659763326633323,0.39212970180769063,0.25618228244270624,0.32555691242764684,0.3159390756142866,0.43355540061560105
E047,0.5456214250813336,0.45858453189500764,0.4088471989708497,0.5715883532596933,0.5746084123837182,0.6219935528092129,0.5836620408368646,0.6170191342035122,0.5504616058536651,0.4130220565576274,0.33088823389653327,0.5835023752670571,0.5444474312461635,0.5758979118714277,1.0,0.4337102870291798,0.4298249049907581,0.4920146059522166,0.3768968102182408,0.34226786355793437,0.40018987408527007,0.37560879788471063,0.2662532672499597,0.6108187825929313,0.29986333878545574,0.06414937619899369,0.4308088116112922,0.31394542881015663,0.33686197997269546,0.37479883772618444,0.375753807247816,0.3501879964080908,0.05182006114792136,0.0973982773064604,0.14011945182252875,0.28626261707235956,0.6009760497657702,0.03558245822631723,0.15470321974583162,0.16612466258271516,0.14395383103014686,0.5017061115600221,0.21029361844018946,0.48054500626850505,0.39125704029554326,0.5561408840183572,0.5473774741651025,0.513333838427454,0.28169660376959316,0.4060017002793764,0.426106412346447,0.36755265309218244,0.5546466657365956,0.38998674297106906,0.5098121207225546
E050,0.6376403247144059,0.5864553163283109,0.4156567893494969,0.6074773763656248,0.6909357334389213,0.6805503600164224,0.5850545620950228,0.6617449120086825,0.6873817026269806,0.28695611258223,0.42005824277624326,0.3622522771708906,0.2785751358535403,0.3342058297462576,0.4337102870291798,1.0,0.9590045020677882,0.5642506013350328,0.5155520424115563,0.603465206284944,0.583875371400286,0.6302469047974785,0.3684772754428373,0.4521520554281701,0.24135846706425362,0.04834587900820396,0.5999160194491717,0.3391341145337418,0.43902076314483035,0.5789394615748202,0.29382022568890476,0.25243113861741034,0.032194050816481364,0.08571330188353436,0.12166255095885314,0.23932626225033085,0.4657676708703959,0.03176701220647803,0.15218281658065516,0.14775939898334048,0.1342821092849875,0.5312412485848061,0.19475738395673475,0.42535344796278796,0.3134605551785473,0.48257926353719793,0.46527865930649376,0.41154303761048366,0.28556011536972986,0.548963031768093,0.5338088252204486,0.44818395705989894,0.443810196181682,0.4619880209796382,0.6453385480531685
E053,0.635348704490482,0.5564633575896211,0.3912475379856779,0.6035762958764017,0.6722225319561317,0.6702011559286867,0.5684246140654416,0.6393268438709929,0.6676979611336418,0.27596648395015244,0.38847306814842414,0.36355030434526436,0.2829682352990593,0.3405363176472567,0.4298249049907581,0.9590045020677882,1.0,0.5097675643290474,0.4769373217261225,0.5783696927733695,0.5612363273981935,0.6088984441347141,0.36487603720773876,0.44350957446641404,0.2225562710293379,0.03917799972304296,0.5868413698911747,0.3094999848211538,0.43095937964083814,0.5782430916022849,0.2817319325194462,0.23651709621795783,0.030167745331098568,0.07946298490934098,0.11228409275811771,0.2176769337589185,0.4602742096260206,0.030995298584916696,0.1288181559633243,0.1373309868884138,0.1224611133922412,0.5156335984558872,0.18536624322189613,0.41168863665919336,0.29655995360851534,0.4299952894412894,0.4165680411771279,0.38444933413247256,0.24182780131656562,0.48125409189111923,0.49312761645931874,0.41673358629848745,0.409089259386097,0.418707600521245,0.6017924169869195
E054,0.5371221008857662,0.5688045670592349,0.6526568951136451,0.5539782350697874,0.6191659584836112,0.5997664201872231,0.7403474911099339,0.6163525048800568,0.5735892230739147,0.41567507666332876,0.5208651297081793,0.36312376286418385,0.3261860424122694,0.3541958528262692,0.4920146059522166,0.5642506013350328,0.5097675643290474,1.0,0.8757194301923505,0.6339977153180624,0.5660237892366321,0.5815956357336767,0.36011204297078303,0.4725153248917862,0.43453122439386205,0.14872997617688488,0.5236183133510659,0.38172989550354725,0.39640168895951877,0.42572203507504475,0.396431823208714,0.3950595591987382,0.04059029292556438,0.14026678280511481,0.1519120121980804,0.42498599867331915,0.6234393443083522,0.039146052346096076,0.21544549545400996,0.17880013222480073,0.16387710447308868,0.5355964875890812,0.23323484160489077,0.5542873312144644,0.4723099185612423,0.6858353795393635,0.510355179466021,0.45908457461761,0.45837879683826077,0.6948483495866512,0.7565589399412211,0.716869256581359,0.5111815890653357,0.5778819270145299,0.775989426355154
E055,0.5581350954262192,0.5828183546513539,0.7093839566152746,0.5598356387788014,0.5711492482677256,0.5607534431742063,0.6285318655405472,0.5674765649487598,0.5497310412734475,0.5981924047763274,0.4458116247376992,0.33740368588766984,0.2890397479450322,0.32773680641778635,0.3768968102182408,0.5155520424115563,0.4769373217261225,0.8757194301923505,1.0,0.740582365762496,0.6369643546706835,0.6004205303946178,0.3559762913519109,0.49075104819629434,0.5019959260216003,0.23739243321206946,0.5097667578616135,0.4263892698287192,0.44709582336768894,0.42356418906155757,0.43263576547164795,0.4455882434220346,0.045591372301031066,0.16949073568829315,0.1289860598164744,0.5125689061007592,0.5810732884049977,0.0458843068374778,0.1900962393146573,0.15436761289794468,0.1454789591425059,0.5721290547815464,0.24401415065685944,0.683491116069712,0.5619660216391844,0.6027421926227136,0.38292972510681483,0.3366034508729589,0.354924785131789,0.5907001045223862,0.610743238240267,0.581411177275316,0.4067504987147939,0.49227909234883305,0.6546976566305412
E056,0.6559789532291929,0.584274128086263,0.4220402528357701,0.5351161016824217,0.6540401941373578,0.607831784417093,0.5587874375459939,0.6109549438035057,0.6499009638936115,0.5852375239883398,0.7591387977919435,0.4056714409818979,0.31486786196634786,0.36637507253653073,0.34226786355793437,0.603465206284944,0.5783696927733695,0.6339977153180624,0.740582365762496,1.0,0.9472044754602991,0.6474595102181351,0.35650865615515265,0.4824298990442772,0.2002054408616274,0.11855413770687147,0.5424260906701287,0.29899074957296806,0.5093495447101375,0.5458565896415483,0.2592260175808193,0.21692412472668396,0.03222097467854238,0.10123482706906267,0.11791792619394569,0.2379362017957392,0.4056456715384515,0.037129750036918055,0.15163848424730766,0.12989065564677554,0.14118903742770336,0.5995402541338727,0.21237518402771866,0.5631872102826913,0.2960850971119975,0.4532156424050662,0.43209786693645263,0.3754765288059932,0.25282950729744424,0.7983309515240701,0.6235936760135355,0.4633130603020843,0.35446736042076415,0.7633563813713361,0.6604420367417099
E057,0.6848965068836266,0.5920624353156818,0.4454672810274824,0.5808881829650842,0.6828163390394351,0.6433829881467178,0.5620606281285452,0.6502116924625108,0.6708301611849989,0.5721451636770185,0.8357802541378425,0.4241460818867143,0.34816187405535437,0.39422166623059757,0.40018987408527007,0.583875371400286,0.5612363273981935,0.5660237892366321,0.6369643546706835,0.9472044754602991,1.0,0.6160905895782504,0.3591368249382637,0.4926517711990636,0.24801895452016975,0.10442151051091005,0.5446554368057339,0.31952714616954236,0.5055048291058292,0.5408138702256632,0.3051236230703892,0.27070108269123,0.03403232117882876,0.10724455710812718,0.1218800276090028,0.28328377259337584,0.4310797754606323,0.036593662959763185,0.1481381637988011,0.13407340714416674,0.13709295457374082,0.6086371340312374,0.22269046915029364,0.5929248309727924,0.34074281380539656,0.5068012540054592,0.4504676335111477,0.43903852753396266,0.2525441386899951,0.8182282942714075,0.5910238709691579,0.4182217533304206,0.4127279059605473,0.8488009387083852,0.6462554816229199
E058,0.6825583753234639,0.5941271947693093,0.5794796538290066,0.6093032248124237,0.6144040234398308,0.6163457744439861,0.5313045450122358,0.6301285691428984,0.6874648691255588,0.3017569538548317,0.42783310633012517,0.3574831449270015,0.2676229855573702,0.3370948498738118,0.37560879788471063,0.6302469047974785,0.6088984441347141,0.5815956357336767,0.6004205303946178,0.6474595102181351,0.6160905895782504,1.0,0.7716676638821586,0.5348574361321475,0.425487660081467,0.10014638735394028,0.5340106477798924,0.3524762652906825,0.5193370552011372,0.4891920620874481,0.41810375601953537,0.41564896729452727,0.038271504606210836,0.13735241688724542,0.13269962179462513,0.4431882068544992,0.5082828346177728,0.04426269013631244,0.1437159099056345,0.16797247110644553,0.15081999830553788,0.6451071884250419,0.24669644437072846,0.5856069307948439,0.5305726576584511,0.5489986467439784,0.39120867756230904,0.3424950280613593,0.2992777140651138,0.5100154403823867,0.48158131556502554,0.5027595821593334,0.4138381093588243,0.4620278463300065,0.588966629487324
E059,0.40376816066256355,0.36844268858670653,0.3851051948536424,0.3862857217652989,0.39500923618597594,0.3813123330461002,0.3790173871169678,0.3817179659068398,0.3954053330529715,0.18741426069231895,0.24557111909153032,0.23405695494621093,0.194101211508722,0.2285945494135693,0.2662532672499597,0.3684772754428373,0.36487603720773876,0.36011204297078303,0.3559762913519109,0.35650865615515265,0.3591368249382637,0.7716676638821586,1.0,0.33247596915533006,0.28643728231891064,0.06595426062216268,0.3212366501882146,0.23381040163897596,0.30119211337896784,0.291877343396817,0.2738804021854468,0.27414724161816795,0.02346542166628342,0.08893605562920552,0.08105330673622822,0.2909278100491963,0.3804212918598843,0.026636942298025212,0.07496610142975946,0.10573932403530441,0.0904002674132482,0.3900702379553141,0.15403097675938113,0.38028750551026963,0.3428739023567553,0.3467661937981606,0.22020803204930933,0.22405496071068806,0.1807547962160747,0.2812982836782308,0.29361158150297,0.29237692087483935,0.2557862197029082,0.2774135615172515,0.3724361149965602
E061,0.557095460732328,0.5273898659878978,0.5643623130262087,0.5598221507451359,0.5504574973266052,0.5476056297298224,0.5442891403600175,0.5158462162586211,0.5065143600421289,0.3440352820165521,0.33184844553871556,0.7880208224149289,0.6948201353052154,0.7525982945522128,0.6108187825929313,0.4521520554281701,0.44350957446641404,0.4725153248917862,0.49075104819629434,0.4824298990442772,0.4926517711990636,0.5348574361321475,0.33247596915533006,1.0,0.4542898383514539,0.1039825077271098,0.49676295560327643,0.3701607470806725,0.44630704142503064,0.45262748486093296,0.45125987440918947,0.452731214888983,0.040409105060896955,0.14834453302621423,0.10261443932648785,0.49435944740006427,0.594018908476439,0.04483631338905484,0.10240491809625975,0.14295513061125456,0.1168222322706498,0.6685272955503385,0.2590119305722354,0.7522125169933466,0.6355047056436652,0.5023413579931674,0.4308673092488396,0.2789105613544346,0.23251284820044804,0.37317428458257723,0.4248712239921832,0.3518740196444714,0.32510704285846526,0.3636749986388507,0.5150404967761634
E062,0.4277650788567319,0.48585704922008704,0.8184400051746692,0.5445521646399538,0.3642433935259299,0.40854534667186565,0.44394532648133844,0.40698673231457205,0.3434772139658681,0.27226587438823424,0.15136644961358217,0.2270906678691189,0.23626168567853753,0.2612885958981471,0.29986333878545574,0.24135846706425362,0.2225562710293379,0.43453122439386205,0.5019959260216003,0.2002054408616274,0.24801895452016975,0.425487660081467,0.28643728231891064,0.4542898383514539,1.0,0.206919062029054,0.3637832164159869,0.46631820663139045,0.4020453761511842,0.21730219025813607,0.6416335581849321,0.6980345678059542,0.04037763584559558,0.2131700195953117,0.11574840600220139,0.8017008391881217,0.6395438646943102,0.05145681383518093,0.08726974648972217,0.17851135366707435,0.12660159468233345,0.5063324745394899,0.257215700088299,0.7571588030721953,0.8660221723691932,0.6062105215792579,0.14175680689727382,0.18032964638084606,0.22845088881861828,0.1424542408100884,0.19218791572406901,0.31109107638353256,0.30460148588361,0.21685537322699372,0.3361641897958651
E065,0.10578482506799687,0.11727477948827182,0.20588385373653859,0.12210369288079646,0.09195027412902375,0.0840295462371439,0.0938327943199042,0.09999693973245713,0.08672165932357714,0.18417508335252078,0.038270920992958486,0.043547867331958603,0.04601630808236743,0.05159937450449248,0.06414937619899369,0.04834587900820396,0.03917799972304296,0.14872997617688488,0.23739243321206946,0.11855413770687147,0.10442151051091005,0.10014638735394028,0.06595426062216268,0.1039825077271098,0.206919062029054,1.0,0.08316053238954133,0.1837095611008517,0.08893262950182855,0.03885730324252299,0.2815207053312657,0.3771664117428832,0.06748477487868305,0.06444352211657041,0.02402720687881641,0.22595450823989469,0.15572768760822095,0.024525117700231962,0.038542495062867575,0.03665386217861778,0.025726083399698563,0.1312963155402192,0.06978556169859403,0.2316979930310021,0.2261272860261777,0.1491384062259664,0.029194591058719264,0.047442818245275235,0.3010441317765637,0.05712597319272216,0.04291930453428157,0.06506815618976164,0.07993582632408516,0.058855954361263334,0.06552419672038395
E066,0.6055801685400025,0.5456301736499759,0.49539181301321633,0.7079164215852054,0.7465092658634357,0.7184562720648452,0.6289558855340329,0.6566228177080884,0.62747008335068,0.2704741867860593,0.38740070977759833,0.4351292269483745,0.410652212081566,0.4357419742840362,0.4308088116112922,0.5999160194491717,0.5868413698911747,0.5236183133510659,0.5097667578616135,0.5424260906701287,0.5446554368057339,0.5340106477798924,0.3212366501882146,0.49676295560327643,0.3637832164159869,0.08316053238954133,1.0,0.4428759406289409,0.42300331654077344,0.8652943701058022,0.37608462691905237,0.3525673200898094,0.03938081511321918,0.12629883020410057,0.1274532717356795,0.3879142113781032,0.5542965905546148,0.04137786366032233,0.1390004739770333,0.1592258067194841,0.14509977719740771,0.5780487121466606,0.23376083602988657,0.5631654964688054,0.4461003557301781,0.5609583757625086,0.4546914283972643,0.4158325753937069,0.2682154281137332,0.541553197446478,0.5711334759202443,0.40904806199573196,0.45886799585967875,0.45895469276819323,0.6504459885511852
E070,0.40809901218434136,0.39257893965955043,0.5097414746666974,0.4809915399005144,0.4365641265590258,0.4403888279845005,0.41962478916495544,0.437181846237281,0.3772418682116949,0.2729323971324663,0.20277387597133423,0.263634571251413,0.27255935118234814,0.28480572051182634,0.31394542881015663,0.3391341145337418,0.3094999848211538,0.38172989550354725,0.4263892698287192,0.29899074957296806,0.31952714616954236,0.3524762652906825,0.23381040163897596,0.3701607470806725,0.46631820663139045,0.1837095611008517,0.4428759406289409,1.0,0.29257702842516636,0.37253105141494885,0.39387739982825903,0.4220548011239968,0.035273304283926415,0.14019054191558894,0.13086376362389535,0.4743094281597505,0.4823286172192554,0.0382831006226896,0.11407554182293303,0.1883713614415997,0.14156992406954014,0.4361939450503699,0.2009440310047218,0.5381595214372641,0.51896884332398,0.4848148045826968,0.2593142753749519,0.2824885449144689,0.22444977753912387,0.27963834919201325,0.2973304660733542,0.26995483103902673,0.3516898846374404,0.28722522197203654,0.36853326718138224
E071,0.5328735801217488,0.5183316967109254,0.45293120474246307,0.4876718474657081,0.49301091514020196,0.4955954505130139,0.43699453434659125,0.4817956800775943,0.49943864159982854,0.3362426998772613,0.36484580030273206,0.35580727017117947,0.2969891883258625,0.34219012630015705,0.33686197997269546,0.43902076314483035,0.43095937964083814,0.39640168895951877,0.44709582336768894,0.5093495447101375,0.5055048291058292,0.5193370552011372,0.30119211337896784,0.44630704142503064,0.4020453761511842,0.08893262950182855,0.42300331654077344,0.29257702842516636,1.0,0.3870529827800531,0.34857257618844584,0.31944038439820244,0.037425181920291484,0.11472557213903502,0.1447488916746976,0.3764473970471659,0.4774649721980166,0.0433782863997227,0.10919064304112915,0.20182748174000967,0.17527583245729328,0.558663716981422,0.20491602107402723,0.5307883284157549,0.40214734875150987,0.3969757869259755,0.278680745573573,0.2806223914152097,0.1962179659066082,0.36632861909578374,0.3857034201401541,0.3651671148639454,0.29349949988831486,0.3904580887250728,0.4759740824377952
E079,0.5790343338855346,0.48312178316812054,0.36151616012790994,0.6167212896875531,0.7109040574805504,0.6673648775042695,0.5732727358311985,0.6007732014285189,0.5897384289481346,0.24440074210597557,0.36950876339293004,0.42104232927045887,0.3893599691815061,0.4169882163933608,0.37479883772618444,0.5789394615748202,0.5782430916022849,0.42572203507504475,0.42356418906155757,0.5458565896415483,0.5408138702256632,0.4891920620874481,0.291877343396817,0.45262748486093296,0.21730219025813607,0.03885730324252299,0.8652943701058022,0.37253105141494885,0.3870529827800531,1.0,0.2761890584197736,0.22924660729289895,0.03120506023087313,0.08920201356415626,0.1066530352675159,0.25059753091257686,0.4672828078756549,0.03438981138034565,0.10362458319368403,0.12573888499993757,0.11955883794526669,0.5218063263254218,0.19544190808271686,0.4603445370961688,0.3056537005236664,0.41491833378968873,0.37992470400888545,0.34207992973718987,0.18812414285045648,0.4910391786630491,0.5405168319231511,0.3313846750836701,0.35786647097695373,0.41017904144540585,0.5961429922865357
E082,0.45853755599577867,0.47600183813995023,0.6448502699054361,0.524328915378308,0.4258197489124756,0.455240226169615,0.4392738312705603,0.4556941760554117,0.41004766205991844,0.27986689098554524,0.20473136457824942,0.29074065432480944,0.29096628190268453,0.31850223156790913,0.375753807247816,0.29382022568890476,0.2817319325194462,0.396431823208714,0.43263576547164795,0.2592260175808193,0.3051236230703892,0.41810375601953537,0.2738804021854468,0.45125987440918947,0.6416335581849321,0.2815207053312657,0.37608462691905237,0.39387739982825903,0.34857257618844584,0.2761890584197736,1.0,0.8929950035989868,0.06138433968862059,0.1659983954766802,0.10051815866621432,0.5983426916076524,0.5463643965394481,0.04757176580361892,0.09055631141715699,0.13979060373564237,0.10574997751980343,0.5278843638767605,0.277149091584738,0.6274013464703342,0.6651885984435675,0.5491450678110666,0.22400793558763232,0.27733588245841695,0.29539548577672886,0.21501204099863802,0.24993065126546124,0.2900812196785455,0.3520187135681767,0.26555756283179255,0.3563583724505056
E084,0.43482930910280754,0.47319811726866845,0.6979751665739364,0.5217495482071305,0.3897135425050217,0.424505733785876,0.4188244415388399,0.43247769376068357,0.38025265307815603,0.26379493166979234,0.17936348340801198,0.2620617650025083,0.27165932147401367,0.29751819785689504,0.3501879964080908,0.25243113861741034,0.23651709621795783,0.3950595591987382,0.4455882434220346,0.21692412472668396,0.27070108269123,0.41564896729452727,0.27414724161816795,0.452731214888983,0.6980345678059542,0.3771664117428832,0.3525673200898094,0.4220548011239968,0.31944038439820244,0.22924660729289895,0.8929950035989868,1.0,0.08848459085269596,0.1848079705900923,0.09297037979170203,0.6818449124174183,0.5545983112021783,0.05398170130824118,0.08780508621379048,0.13143196667157575,0.09648875851381937,0.5346997665358351,0.26511995169209346,0.6720436115736941,0.7464476687314016,0.5787305405628062,0.187769133874814,0.25338333286704035,0.3186115650900974,0.17508534120923983,0.19749353356980276,0.2723397425945946,0.3416936825915544,0.23994786498094298,0.3101086827409061
E085,0.04325798066710838,0.08633868094723685,0.05427853092382676,0.04420824618921701,0.04138418753478603,0.043104565999147,0.06525141012593554,0.04348128665183874,0.04099705643828337,0.05802636666441911,0.02384894229692665,0.03307362991709843,0.026656888426640556,0.03120596641294635,0.05182006114792136,0.032194050816481364,0.030167745331098568,0.04059029292556438,0.045591372301031066,0.03222097467854238,0.03403232117882876,0.038271504606210836,0.02346542166628342,0.040409105060896955,0.04037763584559558,0.06748477487868305,0.03938081511321918,0.035273304283926415,0.037425181920291484,0.03120506023087313,0.06138433968862059,0.08848459085269596,1.0,0.02274532330578818,0.0123177861586765,0.03714946962390079,0.047450002577514666,0.535864512005927,0.010941566273473957,0.016097726829121993,0.013955939554121785,0.06614890762981147,0.23055343802025954,0.046175024512023974,0.0418197482982615,0.044746067703466376,0.023982695530347885,0.02812372277586073,0.037182787680812644,0.026012805127181404,0.032013253466278736,0.031044560608176428,0.034571862385062976,0.027616230411346716,0.03621365968786623
E087,0.13939433171729115,0.1485045980253004,0.22053382384708842,0.16523812877684604,0.12863895429963013,0.13456888885928334,0.14012525365312417,0.1354974031089425,0.1173541043667599,0.10196774605211421,0.0634504069826813,0.08744529900436888,0.08890340527722745,0.09647047931216635,0.0973982773064604,0.08571330188353436,0.07946298490934098,0.14026678280511481,0.16949073568829315,0.10123482706906267,0.10724455710812718,0.13735241688724542,0.08893605562920552,0.14834453302621423,0.2131700195953117,0.06444352211657041,0.12629883020410057,0.14019054191558894,0.11472557213903502,0.08920201356415626,0.1659983954766802,0.1848079705900923,0.02274532330578818,1.0,0.03442527147303424,0.22552911745974694,0.18063398554129484,0.05493967257374431,0.031805690825071946,0.04888406402099165,0.037997671210172994,0.17452086202824807,0.1151318634231841,0.22543484594266333,0.23335635532077464,0.17929273869990908,0.06381502249053338,0.07238890244173907,0.09238026570475415,0.07594265520547869,0.08226990068754444,0.09626388068300001,0.10215971733570095,0.08715474799228512,0.11601211402108899
E094,0.15143308841478306,0.13850923503642382,0.12373733236557166,0.1498627028294588,0.15965909577642895,0.16316880191588162,0.14445672477891724,0.1756313834335415,0.16209727239202343,0.09136926722337978,0.1027674808764251,0.09184769455192053,0.0909988537496086,0.09803335200065316,0.14011945182252875,0.12166255095885314,0.11228409275811771,0.1519120121980804,0.1289860598164744,0.11791792619394569,0.1218800276090028,0.13269962179462513,0.08105330673622822,0.10261443932648785,0.11574840600220139,0.02402720687881641,0.1274532717356795,0.13086376362389535,0.1447488916746976,0.1066530352675159,0.10051815866621432,0.09297037979170203,0.0123177861586765,0.03442527147303424,1.0,0.08631361978628442,0.14222662110985757,0.012104596691902508,0.36923707010489754,0.7058333376967012,0.9405793301851288,0.16068489795949342,0.0680522204098923,0.12118184605535609,0.10364004169997278,0.17745907502168526,0.1589815278630669,0.17080604434466698,0.10305650580487433,0.14375699655890745,0.18366706044440534,0.14724389098755786,0.19215811544330536,0.1401388009853555,0.16835796946371462
E095,0.42822980636986546,0.4784690852355796,0.7989793269940128,0.5374454437228254,0.3779192990490872,0.40051603284543963,0.43971447348288434,0.4002847344480698,0.34223350263644026,0.26791039405327693,0.1864435443418157,0.2559288574623255,0.266119724499648,0.2888503144383419,0.28626261707235956,0.23932626225033085,0.2176769337589185,0.42498599867331915,0.5125689061007592,0.2379362017957392,0.28328377259337584,0.4431882068544992,0.2909278100491963,0.49435944740006427,0.8017008391881217,0.22595450823989469,0.3879142113781032,0.4743094281597505,0.3764473970471659,0.25059753091257686,0.5983426916076524,0.6818449124174183,0.03714946962390079,0.22552911745974694,0.08631361978628442,1.0,0.6068294933013054,0.0495609207464701,0.07168584226983205,0.12939665631800673,0.09731430311103628,0.5286461869453429,0.2530545954233731,0.8010774204660185,0.8799352699234583,0.602871375050127,0.13207733931938354,0.19158065535161253,0.22166070468038504,0.16504243176310587,0.19208555110404066,0.2769179566398728,0.28271514011407767,0.23277661040808242,0.32084087141739887
E096,0.5539069016504724,0.5764999238712012,0.7532900461378637,0.6738887978401461,0.6458363241670357,0.6450989122757445,0.7831550158555396,0.589387398398237,0.5091697177810924,0.3453329942584331,0.31220109274994895,0.48870269621120815,0.5052388596462146,0.5238957661847602,0.6009760497657702,0.4657676708703959,0.4602742096260206,0.6234393443083522,0.5810732884049977,0.4056456715384515,0.4310797754606323,0.5082828346177728,0.3804212918598843,0.594018908476439,0.6395438646943102,0.15572768760822095,0.5542965905546148,0.4823286172192554,0.4774649721980166,0.4672828078756549,0.5463643965394481,0.5545983112021783,0.047450002577514666,0.18063398554129484,0.14222662110985757,0.6068294933013054,1.0,0.057193376198492164,0.11842819725782247,0.20758055856679355,0.1588265814240684,0.6303430574962576,0.27959903845781603,0.7479417377757769,0.6866428710932991,0.6067974733023113,0.3154589328602736,0.3487631169765929,0.26688166430484844,0.37621980025511914,0.4899845273269022,0.4503786490827599,0.4167802791440651,0.38498266407314236,0.6629356293849935
E097,0.04407181640319006,0.05681810159046863,0.05458347984178707,0.04797176348635971,0.043395143547398964,0.04427521317788903,0.050189319093453914,0.04185917073298223,0.039337108347542275,0.03247535817368065,0.022606605217442042,0.03405043511321168,0.03375983661814535,0.036572868838828966,0.03558245822631723,0.03176701220647803,0.030995298584916696,0.039146052346096076,0.0458843068374778,0.037129750036918055,0.036593662959763185,0.04426269013631244,0.026636942298025212,0.04483631338905484,0.05145681383518093,0.024525117700231962,0.04137786366032233,0.0382831006226896,0.0433782863997227,0.03438981138034565,0.04757176580361892,0.05398170130824118,0.535864512005927,0.05493967257374431,0.012104596691902508,0.0495609207464701,0.057193376198492164,1.0,0.008712357539820349,0.017217893410618232,0.014214695094685226,0.1300835005990953,0.7309863123156867,0.06206861235896406,0.0575330495526462,0.04320908584524151,0.018764968388587572,0.020616111890153593,0.02319228996894722,0.02590042157137879,0.029742186935678025,0.03107571270415528,0.027488364453559653,0.027470174564700224,0.03619420791218866
E098,0.15256618940864775,0.12379186072577739,0.11219004572672046,0.1463264302371262,0.15661103755120392,0.18204933210384575,0.1286548965181427,0.20453558086048487,0.18955100931652466,0.13598695068128963,0.1330319146873165,0.0939617726901031,0.09660179597025194,0.1018655582503417,0.15470321974583162,0.15218281658065516,0.1288181559633243,0.21544549545400996,0.1900962393146573,0.15163848424730766,0.1481381637988011,0.1437159099056345,0.07496610142975946,0.10240491809625975,0.08726974648972217,0.038542495062867575,0.1390004739770333,0.11407554182293303,0.10919064304112915,0.10362458319368403,0.09055631141715699,0.08780508621379048,0.010941566273473957,0.031805690825071946,0.36923707010489754,0.07168584226983205,0.11842819725782247,0.008712357539820349,1.0,0.43821888513518253,0.30666661303688486,0.14308433965156106,0.06308226162534479,0.11655854310177856,0.08745310756273537,0.22329001029955517,0.22728155899605643,0.2154971963917104,0.15299395693459228,0.22349167922231705,0.1929872345785104,0.14655499106850894,0.23524884860903508,0.17289537171743607,0.18843121415561945
E100,0.17624228084982146,0.17362147128325045,0.17119020700963064,0.189723024342445,0.19476207654119895,0.1990623670705858,0.1787549532917711,0.20901247340839751,0.19232925256044917,0.11150706462894637,0.11244176932674252,0.12468998109927777,0.13590813701161988,0.14346490411950222,0.16612466258271516,0.14775939898334048,0.1373309868884138,0.17880013222480073,0.15436761289794468,0.12989065564677554,0.13407340714416674,0.16797247110644553,0.10573932403530441,0.14295513061125456,0.17851135366707435,0.03665386217861778,0.1592258067194841,0.1883713614415997,0.20182748174000967,0.12573888499993757,0.13979060373564237,0.13143196667157575,0.016097726829121993,0.04888406402099165,0.7058333376967012,0.12939665631800673,0.20758055856679355,0.017217893410618232,0.43821888513518253,1.0,0.6880871632722321,0.21091565991874855,0.09034833016354556,0.17132297029100238,0.15427935293508252,0.21987779194613763,0.18667676276025444,0.19887406051417458,0.12441793395180942,0.16217249314189433,0.18917038494464092,0.1645383701770924,0.22677075831109111,0.16162029460880725,0.1994080994489185
E104,0.16327993184976813,0.1571410782451499,0.1382073213239378,0.1574490670586505,0.17639664693833826,0.17003778530829014,0.16132643899358365,0.18107521553191128,0.16876531950595008,0.1013701395393309,0.11289369941303348,0.10135465848393649,0.09975754993402706,0.10659336449152816,0.14395383103014686,0.1342821092849875,0.1224611133922412,0.16387710447308868,0.1454789591425059,0.14118903742770336,0.13709295457374082,0.15081999830553788,0.0904002674132482,0.1168222322706498,0.12660159468233345,0.025726083399698563,0.14509977719740771,0.14156992406954014,0.17527583245729328,0.11955883794526669,0.10574997751980343,0.09648875851381937,0.013955939554121785,0.037997671210172994,0.9405793301851288,0.09731430311103628,0.1588265814240684,0.014214695094685226,0.30666661303688486,0.6880871632722321,1.0,0.17519133074920962,0.07324708649506238,0.14191328086811705,0.11526479302604906,0.18234880584123345,0.16149953707501505,0.16435504910439158,0.10444865763298107,0.1575852498367662,0.1939636136197978,0.16741307893763727,0.18836471206386982,0.14972985411753653,0.18495179937977782
E105,0.6877845019016575,0.6346525750700054,0.6184201103607675,0.6675261183437373,0.6760825630018402,0.6692893723296285,0.6228529428738949,0.6676519621990896,0.6493403111151026,0.3614101865833375,0.41231642125035367,0.5187922986233808,0.4787281937171772,0.524386242395099,0.5017061115600221,0.5312412485848061,0.5156335984558872,0.5355964875890812,0.5721290547815464,0.5995402541338727,0.6086371340312374,0.6451071884250419,0.3900702379553141,0.6685272955503385,0.5063324745394899,0.1312963155402192,0.5780487121466606,0.4361939450503699,0.558663716981422,0.5218063263254218,0.5278843638767605,0.5346997665358351,0.06614890762981147,0.17452086202824807,0.16068489795949342,0.5286461869453429,0.6303430574962576,0.1300835005990953,0.14308433965156106,0.21091565991874855,0.17519133074920962,1.0,0.43732667792382246,0.7343911231930481,0.6267909556675032,0.6203161104502666,0.43868628198464377,0.4414344903704181,0.29024954231480865,0.4987437098825197,0.5199052094904564,0.43404337775223184,0.47482978008791604,0.48846678546122607,0.6160757838902141
E106,0.2741371131568222,0.25851504400888503,0.2858255916183359,0.2857390708307816,0.2698548901359073,0.2731433954784925,0.2610353851269999,0.27815099070881627,0.2563738720268932,0.15265067261726206,0.15041053917075178,0.18462365086636018,0.17743878999252122,0.19270605832858487,0.21029361844018946,0.19475738395673475,0.18536624322189613,0.23323484160489077,0.24401415065685944,0.21237518402771866,0.22269046915029364,0.24669644437072846,0.15403097675938113,0.2590119305722354,0.257215700088299,0.06978556169859403,0.23376083602988657,0.2009440310047218,0.20491602107402723,0.19544190808271686,0.277149091584738,0.26511995169209346,0.23055343802025954,0.1151318634231841,0.0680522204098923,0.2530545954233731,0.27959903845781603,0.7309863123156867,0.06308226162534479,0.09034833016354556,0.07324708649506238,0.43732667792382246,1.0,0.31117165809266684,0.28849247451788995,0.28863679914845836,0.17865009468394746,0.190461092755178,0.13848370410716088,0.19110756830913075,0.20199962956360076,0.18227532698778007,0.2187645508150267,0.1909274902575366,0.24450735352437897
E109,0.6195428942030229,0.6263865056120517,0.8323650540289727,0.6871086822513596,0.5946545663777758,0.6012297385849313,0.6110732291465868,0.5701894781532683,0.5200704126842232,0.4865330912728207,0.415294974406548,0.5525707566353489,0.5389711204791399,0.5721819395944965,0.48054500626850505,0.42535344796278796,0.41168863665919336,0.5542873312144644,0.683491116069712,0.5631872102826913,0.5929248309727924,0.5856069307948439,0.38028750551026963,0.7522125169933466,0.7571588030721953,0.2316979930310021,0.5631654964688054,0.5381595214372641,0.5307883284157549,0.4603445370961688,0.6274013464703342,0.6720436115736941,0.046175024512023974,0.22543484594266333,0.12118184605535609,0.8010774204660185,0.7479417377757769,0.06206861235896406,0.11655854310177856,0.17132297029100238,0.14191328086811705,0.7343911231930481,0.31117165809266684,1.0,0.8966224800424716,0.6587956836640052,0.30695493922935446,0.2836440100490159,0.25351871692156097,0.4065588761222614,0.40093020709003513,0.38388668370147533,0.3552745864478909,0.46533563275082607,0.5292959214063904
E112,0.5309219758255362,0.5548734298390111,0.8697028330595139,0.6308352954244766,0.4522820639652918,0.4915478220823886,0.4949395631433879,0.4904606884857879,0.43599547233251,0.2957199164801807,0.19440553345900666,0.3643816098051582,0.36463168322681977,0.4015245708934111,0.39125704029554326,0.3134605551785473,0.29655995360851534,0.4723099185612423,0.5619660216391844,0.2960850971119975,0.34074281380539656,0.5305726576584511,0.3428739023567553,0.6355047056436652,0.8660221723691932,0.2261272860261777,0.4461003557301781,0.51896884332398,0.40214734875150987,0.3056537005236664,0.6651885984435675,0.7464476687314016,0.0418197482982615,0.23335635532077464,0.10364004169997278,0.8799352699234583,0.6866428710932991,0.0575330495526462,0.08745310756273537,0.15427935293508252,0.11526479302604906,0.6267909556675032,0.28849247451788995,0.8966224800424716,1.0,0.6643090848488568,0.20464357592507132,0.2087487072866532,0.25286292420814194,0.1899885522236636,0.22963376178749312,0.3327512671726502,0.34716840079794636,0.2638563014174127,0.3708864276132643
E113,0.6558992440359397,0.6307627659511672,0.7059152109451082,0.694919272406082,0.68768075251737,0.7083584703009203,0.6688323003337188,0.7622822855759083,0.6769581981768528,0.31777176270907936,0.4162129698142926,0.36624707363151626,0.357158586679542,0.37984999377533696,0.5561408840183572,0.48257926353719793,0.4299952894412894,0.6858353795393635,0.6027421926227136,0.4532156424050662,0.5068012540054592,0.5489986467439784,0.3467661937981606,0.5023413579931674,0.6062105215792579,0.1491384062259664,0.5609583757625086,0.4848148045826968,0.3969757869259755,0.41491833378968873,0.5491450678110666,0.5787305405628062,0.044746067703466376,0.17929273869990908,0.17745907502168526,0.602871375050127,0.6067974733023113,0.04320908584524151,0.22329001029955517,0.21987779194613763,0.18234880584123345,0.6203161104502666,0.28863679914845836,0.6587956836640052,0.6643090848488568,1.0,0.6433398324133118,0.7081547991340131,0.46447283546078916,0.604160062264625,0.5803880738426002,0.510085334855997,0.7363180222484095,0.5800422344840116,0.6737747831281731
E114,0.5257526272892743,0.3873133826647692,0.2546069055263125,0.4929351603751037,0.597015824384674,0.6102643428854367,0.4641574806064655,0.6654030635379466,0.6097453256660459,0.2009051165880092,0.384386489621458,0.43525851653743136,0.37895327777762294,0.3945036329175245,0.5473774741651025,0.46527865930649376,0.4165680411771279,0.510355179466021,0.38292972510681483,0.43209786693645263,0.4504676335111477,0.39120867756230904,0.22020803204930933,0.4308673092488396,0.14175680689727382,0.029194591058719264,0.4546914283972643,0.2593142753749519,0.278680745573573,0.37992470400888545,0.22400793558763232,0.187769133874814,0.023982695530347885,0.06381502249053338,0.1589815278630669,0.13207733931938354,0.3154589328602736,0.018764968388587572,0.22728155899605643,0.18667676276025444,0.16149953707501505,0.43868628198464377,0.17865009468394746,0.30695493922935446,0.20464357592507132,0.6433398324133118,1.0,0.7260891442678101,0.3901372946306767,0.6505108039281302,0.5763383310982207,0.43611747816330415,0.7498026216417417,0.5424639301017807,0.6107572592712641
E116,0.5368503925015757,0.4047684973432677,0.28406849761727376,0.5271817267278642,0.6252213899790895,0.6368230789036563,0.4905434080340159,0.6896543497326424,0.6177825596246332,0.23501108228338827,0.3867227959896347,0.30567735692578996,0.3123859204434827,0.3208819949375199,0.513333838427454,0.41154303761048366,0.38444933413247256,0.45908457461761,0.3366034508729589,0.3754765288059932,0.43903852753396266,0.3424950280613593,0.22405496071068806,0.2789105613544346,0.18032964638084606,0.047442818245275235,0.4158325753937069,0.2824885449144689,0.2806223914152097,0.34207992973718987,0.27733588245841695,0.25338333286704035,0.02812372277586073,0.07238890244173907,0.17080604434466698,0.19158065535161253,0.3487631169765929,0.020616111890153593,0.2154971963917104,0.19887406051417458,0.16435504910439158,0.4414344903704181,0.190461092755178,0.2836440100490159,0.2087487072866532,0.7081547991340131,0.7260891442678101,1.0,0.38794026929474246,0.5852446739677245,0.525052539895296,0.39386373281233655,0.8279741511007573,0.5642084139301081,0.5722113368212
E117,0.31504604912241574,0.313933214273647,0.2901907406882051,0.31062491933537606,0.3384926634847309,0.3523401170887788,0.3057806365363406,0.3948544247539934,0.3815002104019234,0.143235477058053,0.27295752487005254,0.15140262317018033,0.14300672736747788,0.15844516975417164,0.28169660376959316,0.28556011536972986,0.24182780131656562,0.45837879683826077,0.354924785131789,0.25282950729744424,0.2525441386899951,0.2992777140651138,0.1807547962160747,0.23251284820044804,0.22845088881861828,0.3010441317765637,0.2682154281137332,0.22444977753912387,0.1962179659066082,0.18812414285045648,0.29539548577672886,0.3186115650900974,0.037182787680812644,0.09238026570475415,0.10305650580487433,0.22166070468038504,0.26688166430484844,0.02319228996894722,0.15299395693459228,0.12441793395180942,0.10444865763298107,0.29024954231480865,0.13848370410716088,0.25351871692156097,0.25286292420814194,0.46447283546078916,0.3901372946306767,0.38794026929474246,1.0,0.38971707895693924,0.39103723022020387,0.38052960797999885,0.43006651030287335,0.3320511449935756,0.375067073874192
E118,0.5229728218629366,0.4716672537468828,0.3412539310349594,0.46878215596175027,0.6481584689910577,0.600121277194192,0.5798407555036734,0.6287310675933229,0.6100659077960848,0.4092167512745349,0.8352187063199357,0.3526939463207316,0.3124861251579294,0.32659763326633323,0.4060017002793764,0.548963031768093,0.48125409189111923,0.6948483495866512,0.5907001045223862,0.7983309515240701,0.8182282942714075,0.5100154403823867,0.2812982836782308,0.37317428458257723,0.1424542408100884,0.05712597319272216,0.541553197446478,0.27963834919201325,0.36632861909578374,0.4910391786630491,0.21501204099863802,0.17508534120923983,0.026012805127181404,0.07594265520547869,0.14375699655890745,0.16504243176310587,0.37621980025511914,0.02590042157137879,0.22349167922231705,0.16217249314189433,0.1575852498367662,0.4987437098825197,0.19110756830913075,0.4065588761222614,0.1899885522236636,0.604160062264625,0.6505108039281302,0.5852446739677245,0.38971707895693924,1.0,0.7407029842223417,0.5273223711946196,0.5546751554280693,0.910105799032775,0.7648625256617536
E119,0.5485287650913533,0.5405351731307616,0.4504226122397527,0.5210680191764262,0.6950231681618388,0.6376754909156969,0.7031356228502788,0.622656700491287,0.5851158191814937,0.267224046445233,0.5073599632731832,0.41275248564587663,0.3833836780850993,0.39212970180769063,0.426106412346447,0.5338088252204486,0.49312761645931874,0.7565589399412211,0.610743238240267,0.6235936760135355,0.5910238709691579,0.48158131556502554,0.29361158150297,0.4248712239921832,0.19218791572406901,0.04291930453428157,0.5711334759202443,0.2973304660733542,0.3857034201401541,0.5405168319231511,0.24993065126546124,0.19749353356980276,0.032013253466278736,0.08226990068754444,0.18366706044440534,0.19208555110404066,0.4899845273269022,0.029742186935678025,0.1929872345785104,0.18917038494464092,0.1939636136197978,0.5199052094904564,0.20199962956360076,0.40093020709003513,0.22963376178749312,0.5803880738426002,0.5763383310982207,0.525052539895296,0.39103723022020387,0.7407029842223417,1.0,0.722811764190471,0.49326431366768225,0.6234490503406898,0.8734521090873673
E120,0.4605914254224545,0.45902284696557283,0.47461700313697014,0.44685418495930757,0.49268790033151255,0.48436819665140657,0.5321490877783512,0.498184274979,0.48481521951386103,0.23401581218757306,0.37018669220316824,0.26994658422646534,0.2268309489869677,0.25618228244270624,0.36755265309218244,0.44818395705989894,0.41673358629848745,0.716869256581359,0.581411177275316,0.4633130603020843,0.4182217533304206,0.5027595821593334,0.29237692087483935,0.3518740196444714,0.31109107638353256,0.06506815618976164,0.40904806199573196,0.26995483103902673,0.3651671148639454,0.3313846750836701,0.2900812196785455,0.2723397425945946,0.031044560608176428,0.09626388068300001,0.14724389098755786,0.2769179566398728,0.4503786490827599,0.03107571270415528,0.14655499106850894,0.1645383701770924,0.16741307893763727,0.43404337775223184,0.18227532698778007,0.38388668370147533,0.3327512671726502,0.510085334855997,0.43611747816330415,0.39386373281233655,0.38052960797999885,0.5273223711946196,0.722811764190471,1.0,0.45377357912152133,0.47871838862809496,0.6438084971457374
E122,0.6110786659096603,0.4489160718905668,0.3875885532771176,0.6122973107925976,0.6364035132607448,0.6791972952232105,0.512031484914044,0.7552361322421696,0.6686985009754215,0.24933415248038182,0.3317740634439284,0.29862653055225385,0.305137372381077,0.32555691242764684,0.5546466657365956,0.443810196181682,0.409089259386097,0.5111815890653357,0.4067504987147939,0.35446736042076415,0.4127279059605473,0.4138381093588243,0.2557862197029082,0.32510704285846526,0.30460148588361,0.07993582632408516,0.45886799585967875,0.3516898846374404,0.29349949988831486,0.35786647097695373,0.3520187135681767,0.3416936825915544,0.034571862385062976,0.10215971733570095,0.19215811544330536,0.28271514011407767,0.4167802791440651,0.027488364453559653,0.23524884860903508,0.22677075831109111,0.18836471206386982,0.47482978008791604,0.2187645508150267,0.3552745864478909,0.34716840079794636,0.7363180222484095,0.7498026216417417,0.8279741511007573,0.43006651030287335,0.5546751554280693,0.49326431366768225,0.45377357912152133,1.0,0.5190786713600402,0.5617194789566318
E123,0.516897020690572,0.4782505965787706,0.38026283884001943,0.4739635046443412,0.5976939675176237,0.5508669080908952,0.5310855525285186,0.584277571632657,0.556455709662547,0.4337049256747723,0.9009780038051308,0.3301143812283876,0.2991696351937239,0.3159390756142866,0.38998674297106906,0.4619880209796382,0.418707600521245,0.5778819270145299,0.49227909234883305,0.7633563813713361,0.8488009387083852,0.4620278463300065,0.2774135615172515,0.3636749986388507,0.21685537322699372,0.058855954361263334,0.45895469276819323,0.28722522197203654,0.3904580887250728,0.41017904144540585,0.26555756283179255,0.23994786498094298,0.027616230411346716,0.08715474799228512,0.1401388009853555,0.23277661040808242,0.38498266407314236,0.027470174564700224,0.17289537171743607,0.16162029460880725,0.14972985411753653,0.48846678546122607,0.1909274902575366,0.46533563275082607,0.2638563014174127,0.5800422344840116,0.5424639301017807,0.5642084139301081,0.3320511449935756,0.910105799032775,0.6234490503406898,0.47871838862809496,0.5190786713600402,1.0,0.6499678081922549
E127,0.637468082527801,0.6304895181455595,0.5793587913464177,0.6412449728932021,0.7922063572042053,0.7421363995799091,0.8069106873625925,0.7143764415057554,0.6759430844257025,0.3047404485941803,0.5375141636738698,0.45645653538264125,0.41479566607402807,0.43355540061560105,0.5098121207225546,0.6453385480531685,0.6017924169869195,0.775989426355154,0.6546976566305412,0.6604420367417099,0.6462554816229199,0.588966629487324,0.3724361149965602,0.5150404967761634,0.3361641897958651,0.06552419672038395,0.6504459885511852,0.36853326718138224,0.4759740824377952,0.5961429922865357,0.3563583724505056,0.3101086827409061,0.03621365968786623,0.11601211402108899,0.16835796946371462,0.32084087141739887,0.6629356293849935,0.03619420791218866,0.18843121415561945,0.1994080994489185,0.18495179937977782,0.6160757838902141,0.24450735352437897,0.5292959214063904,0.3708864276132643,0.6737747831281731,0.6107572592712641,0.5722113368212,0.375067073874192,0.7648625256617536,0.8734521090873673,0.6438084971457374,0.5617194789566318,0.6499678081922549,1.0
